,rmse,mae,accuracy
AAPL,2.0536685684328377,1.567632192684909,0.9913991428215224
