,rmse,mae,accuracy
AAPL,2.064601430670422,1.592256038148614,0.9912670314797987
