,rmse,mae,accuracy
AAPL,2.076748656767519,1.5993382338385616,0.9912261230907086
