,rmse,mae,accuracy
AAPL,2.0864878248211696,1.5974127914367038,0.991240900157393
