,rmse,mae,accuracy
ABBV,1.6812216359072816,1.2566309212242184,0.9912508148725162
