,rmse,mae,accuracy
ABBV,1.7315139062207496,1.3164558350934976,0.9908399430923794
