,rmse,mae,accuracy
AMZN,2.5596815982715446,1.9503220904739058,0.9852717070656083
