,rmse,mae,accuracy
AMZN,2.618960235544875,2.013766027688296,0.984821861305712
