,rmse,mae,accuracy
BA,3.643278045850362,2.605125321411606,0.9879028113376277
