,rmse,mae,accuracy
BA,3.756263721646368,2.724998286610342,0.9873448976949052
