,rmse,mae,accuracy
BAC,0.46613972917022894,0.3419599032764629,0.9882474803370924
