,rmse,mae,accuracy
BAC,0.4662449204355036,0.3417185248695185,0.9882561764420027
