,rmse,mae,accuracy
DE,6.216939505948179,4.938435689752843,0.9873130612644835
