,rmse,mae,accuracy
DE,6.150153825346334,4.8633998535076906,0.987520408597896
