,rmse,mae,accuracy
DIS,1.467014142315445,1.028749344745529,0.9882779579664394
