,rmse,mae,accuracy
DIS,1.4920587487284604,1.0526170517228366,0.9879876213892844
