,rmse,mae,accuracy
GE,1.299431967008965,0.9985154209969191,0.9887928289864719
