,rmse,mae,accuracy
GE,1.2891186842271882,0.9816141160557423,0.9889952742097813
