,rmse,mae,accuracy
GILD,0.9529709422029153,0.7266835250412016,0.9906171708530419
