,rmse,mae,accuracy
GILD,0.9547607940173204,0.7283602978004237,0.9905916537240615
