,rmse,mae,accuracy
HON,2.1196378477564704,1.5880846611479429,0.9917803592278784
