,rmse,mae,accuracy
HON,2.1141753643115546,1.5926728985771494,0.991766278237617
