,rmse,mae,accuracy
IBM,1.4091291307567917,1.0694475019943286,0.9925123284223142
