,rmse,mae,accuracy
IBM,1.3819316690849206,1.054823071253039,0.9926002568312814
