,rmse,mae,accuracy
JPM,1.493234883924855,1.1554145285551554,0.9921689229988172
