,rmse,mae,accuracy
JPM,1.498046507970216,1.1638039350372908,0.9921154125262011
