,rmse,mae,accuracy
LLY,13.414934211365429,9.963189750085304,0.981683434208605
