,rmse,mae,accuracy
LLY,14.492605780795303,11.039512359965629,0.9797378900878285
