,rmse,mae,accuracy
MA,4.2381551560628505,3.329340460075033,0.9915481631675456
