,rmse,mae,accuracy
MA,4.435202437901674,3.568607586456624,0.9909546968867218
