,rmse,mae,accuracy
MCD,2.345458613214375,1.8085332440611932,0.9935110372105292
