,rmse,mae,accuracy
MCD,2.3272301339035457,1.777521785885416,0.9936187344577415
