,rmse,mae,accuracy
META,5.371299624247573,4.29700881376341,0.9857828266882659
