,rmse,mae,accuracy
META,5.6316882520122045,4.451536635841473,0.9852646929351211
