,rmse,mae,accuracy
MRK,1.1845283033774758,0.9385431654525337,0.9912636010152431
