,rmse,mae,accuracy
MRK,1.2359723039325874,0.973897437802688,0.9909151353632989
