,rmse,mae,accuracy
MS,1.3048336898709418,0.9395410721456555,0.9886715065769216
