,rmse,mae,accuracy
MS,1.3294395888472055,0.9783604653804083,0.988181543160795
