,rmse,mae,accuracy
MSFT,4.782856621173342,3.829841400454137,0.9887398770204057
