,rmse,mae,accuracy
MSFT,4.6780984390716664,3.6983875487120255,0.9891019793841365
