,rmse,mae,accuracy
MSFT,4.670617308560122,3.6738698852331173,0.9891706678766474
