,rmse,mae,accuracy
MSFT,4.746181202727228,3.7983729890805726,0.9888246921185122
