,rmse,mae,accuracy
NFLX,9.76206116040387,6.710924617283581,0.9839266244677863
