,rmse,mae,accuracy
NFLX,9.578640421936562,6.53811984212861,0.9843210758428859
