,rmse,mae,accuracy
NKE,2.0354193342313023,1.3377035607761443,0.9874055683176004
