,rmse,mae,accuracy
NKE,2.0018542580987844,1.3118871706077313,0.9876602516734801
