,rmse,mae,accuracy
NVDA,1.1682685824488594,0.8493031204482517,0.9803090992070943
