,rmse,mae,accuracy
NVDA,1.1786170300007772,0.8672081033191349,0.9799427820873922
