,rmse,mae,accuracy
NVDA,4.6605505368997004,3.3367780198931616,0.9733013760309335
