,rmse,mae,accuracy
SBUX,1.3021883882155068,0.9364076704824563,0.9905076640706048
