,rmse,mae,accuracy
SBUX,1.2952261573655572,0.9276918121396125,0.9905985208937371
