,rmse,mae,accuracy
T,0.2843078783612937,0.21294878383907848,0.9859210840394477
