,rmse,mae,accuracy
T,0.2544786059340984,0.17952140466811534,0.9881953610613461
