,rmse,mae,accuracy
TMO,6.984097297127568,5.0974032571230765,0.9899279799166693
