,rmse,mae,accuracy
TMO,7.13003248631797,5.226048581419177,0.9896645935569219
