,rmse,mae,accuracy
TMUS,1.6432928035297905,1.2484238058033164,0.9910879763730976
