,rmse,mae,accuracy
TMUS,1.6287067418709886,1.2321642870522098,0.9911932432703157
