,rmse,mae,accuracy
TSLA,7.224002419965165,5.407860022622569,0.977555700148686
