,rmse,mae,accuracy
TSLA,7.311488367552336,5.479907762910285,0.9772401022375977
