,rmse,mae,accuracy
UBER,0.9467529248737184,0.7560898496438837,0.9837464665838191
