,rmse,mae,accuracy
UBER,0.9310692877818628,0.7378721826057383,0.9840468190971944
