,rmse,mae,accuracy
UBER,0.9195326405315667,0.7242118355488365,0.9843167631499936
