,rmse,mae,accuracy
V,2.2801119066996285,1.89330636141691,0.9920704682328754
