,rmse,mae,accuracy
V,2.211527261566116,1.8095362386911082,0.9924098463420044
