,rmse,mae,accuracy
WM,1.6077425582790184,1.1306747677688902,0.9931465550851797
