,rmse,mae,accuracy
WM,1.6113548532569397,1.133812090958138,0.9931182168031261
